{
  "MedInc": 0.5938052482296236,
  "HouseAge": 0.04792088228293173,
  "AveRooms": 0.03153909175689916,
  "AveBedrms": 0.01701697776923213,
  "Population": 0.017259671396907556,
  "AveOccup": 0.13975929629088407,
  "Latitude": 0.07659260359506681,
  "Longitude": 0.0761062286784549
}