{
  "best_model_rmse": 0.4791760069129563,
  "best_model_mae": 0.31874612175344014,
  "best_model_r2": 0.8247801645030891
}