{
  "MedInc": 0.5590207354650405,
  "HouseAge": 0.04445576575266039,
  "AveRooms": 0.027691096259160556,
  "AveBedrms": 0.01470125834338445,
  "Population": 0.01260262233782596,
  "AveOccup": 0.13192779363657792,
  "Latitude": 0.10207291321835536,
  "Longitude": 0.10752781498699486
}