{
  "best_model": "gradient_boosting",
  "timestamp": "2025-08-11T00:03:24.217172",
  "metrics": {
    "rmse": 0.4791760069129563,
    "mae": 0.31874612175344014,
    "r2": 0.8247801645030891
  },
  "all_results": {
    "linear_regression": {
      "rmse": 0.7455813830127763,
      "mae": 0.5332001304956562,
      "r2": 0.575787706032451
    },
    "random_forest": {
      "rmse": 0.5443328206986048,
      "mae": 0.36628865979805514,
      "r2": 0.7738887441938533
    },
    "gradient_boosting": {
      "rmse": 0.4791760069129563,
      "mae": 0.31874612175344014,
      "r2": 0.8247801645030891
    },
    "svr": {
      "rmse": 0.5974981438748279,
      "mae": 0.39859907695205377,
      "r2": 0.7275628923016776
    }
  },
  "scaler_included": true
}